epoch,accuracy,learning_rate,loss,val_accuracy,val_loss
0,0.6652842164039612,0.0010000000474974513,0.6544661521911621,0.6578525900840759,0.7236031889915466
0,0.6714110374450684,0.0010000000474974513,0.6536398530006409,0.655715823173523,0.7400068640708923
0,0.6512866616249084,0.0010000000474974513,0.6708851456642151,0.6674679517745972,0.6392426490783691
1,0.65625,0.0010000000474974513,0.5959018468856812,0.6661324501037598,0.639805257320404
2,0.7291921973228455,0.0010000000474974513,0.5329129695892334,0.7518696784973145,0.50220787525177
3,0.75,0.0010000000474974513,0.5138666033744812,0.7497329115867615,0.5006917715072632
4,0.7865962982177734,0.0010000000474974513,0.4502889811992645,0.8370726704597473,0.3737727403640747
